element,id,name,centroid,geometry
way,165420596,Đài Truyền hình TP.HCM (HTV),POINT (106.70263078909974 10.78678239052512),"POLYGON ((686067.5834826357 1192908.1911965953, 686072.3334111938 1192913.5051504788, 686115.6173798402 1192959.5859855942, 686130.0698822199 1192974.467072306, 686143.5842805103 1192988.900476373, 686158.8764620214 1193006.1866634686, 686186.6564291958 1192980.6335864635, 686219.0540960075 1192950.7478705097, 686231.3950816878 1192940.1972129995, 686235.5510992814 1192944.1362249062, 686272.0948845409 1192910.1586289636, 686265.3029844505 1192902.3001202208, 686255.7665297203 1192910.0456167709, 686231.4808281285 1192885.4859702517, 686226.0708567789 1192890.688099683, 686207.4449982364 1192908.3939649104, 686206.6089473366 1192909.2631956332, 686142.7053299365 1192840.191716756, 686078.172402763 1192898.0179090642, 686074.1241308057 1192894.3671266646, 686067.5808836076 1192900.790836034, 686067.5834826357 1192908.1911965953))"
way,186275007,Sở Văn hoá và Thể thao,POINT (106.70051877624526 10.778807806694282),"POLYGON ((685908.0349401827 1192084.8933916413, 685926.144823628 1192071.5096160856, 685938.2253336636 1192060.6255193828, 685950.8249108879 1192074.4452875112, 685970.577630869 1192056.723370684, 685959.2231460316 1192043.2202392626, 685980.7349544987 1192023.859886284, 685964.9844093065 1192008.2527240515, 685969.8908611087 1192003.1362371817, 685952.2503489594 1191985.1624269306, 685884.7455762329 1192050.1296463457, 685885.3074509613 1192059.2476781695, 685908.0349401827 1192084.8933916413))"
way,186275014,Sở Ngoại vụ Thành phố Hồ Chí Minh,POINT (106.69702682364469 10.780294682987968),"POLYGON ((685510.12492028 1192197.651622264, 685566.3271285067 1192257.608126224, 685604.8487110054 1192221.9593776427, 685529.1296754372 1192141.1538468152, 685501.8986347792 1192166.334427658, 685518.0232403545 1192183.5363185883, 685518.084287409 1192190.2843359667, 685510.12492028 1192197.651622264))"
way,189017046,Phòng CS Điều tra Tội phạm về Trật tự xã hội,POINT (106.68751293297157 10.758446390542717),"POLYGON ((684531.708732524 1189819.0438433713, 684478.7753528713 1189760.2142463159, 684501.5799898277 1189740.5060088835, 684517.0455831272 1189758.5331304201, 684529.3745936393 1189750.2272250298, 684533.4930077016 1189755.150208275, 684536.6820033089 1189754.0505150917, 684561.1625265378 1189783.6314140137, 684565.8708311962 1189780.7370234965, 684569.7048578922 1189785.6584483574, 684531.708732524 1189819.0438433713))"
way,189067537,Công ty Điện lực Sài Gòn,POINT (106.68670458717594 10.754731820319998),"POLYGON ((684417.9213366807 1189417.000393558, 684447.415556404 1189386.2007847882, 684479.9944479404 1189337.476077532, 684453.6713503472 1189318.6703349785, 684444.2829682097 1189323.2867794519, 684395.1228462105 1189401.7206141306, 684417.9213366807 1189417.000393558))"
way,193824727,Đài Tiếng nói Việt Nam,POINT (106.70344004997489 10.788171150041022),"POLYGON ((686249.6446186262 1193104.0578687228, 686219.5963607782 1193071.4463145926, 686245.6158828121 1193047.7861206348, 686275.6641440997 1193080.3976983048, 686249.6446186262 1193104.0578687228))"
way,197647690,Trung tâm Kiểm soát Không lưu Tân Sơn Nhất,POINT (106.66174566095312 10.802669143550403),"POLYGON ((681849.1750101378 1194645.6851436286, 681830.8730983267 1194616.5709798608, 681768.4370969138 1194554.4412285825, 681763.7614081007 1194551.5065965166, 681723.3178093262 1194543.7094388579, 681708.6876152368 1194537.214158444, 681612.4837205717 1194510.6300703096, 681601.8893666224 1194518.149676469, 681581.9675928489 1194513.3734298483, 681578.8268285904 1194576.1418914273, 681569.9885587366 1194582.5095805903, 681564.6336683717 1194595.8871175672, 681560.9698004437 1194622.094214106, 681567.6089833104 1194648.0918191527, 681571.595912232 1194669.0973028883, 681564.2283106032 1194670.4842094542, 681579.7449106881 1194731.1970583138, 681593.5120773322 1194787.8076306717, 681602.1728685871 1194814.0817211121, 681605.5496341868 1194830.6371441167, 681612.9670482357 1194836.175073934, 681634.347492795 1194824.057199783, 681824.6300396875 1194670.5507668708, 681849.1750101378 1194645.6851436286))"
way,197647694,Chi cục Hải quan,POINT (106.66425068649154 10.810030841809116),"POLYGON ((681994.6377641386 1195494.669954773, 681991.0188027623 1195432.318070654, 681920.5753740849 1195439.2237932319, 681904.6818653612 1195449.911204388, 681912.1816881589 1195526.5979147842, 681925.3313024074 1195525.751450299, 681924.0616416781 1195499.8603779487, 681994.6377641386 1195494.669954773))"
way,197995330,Bảo tàng Không quân phía Nam,POINT (106.66063465709314 10.805160209928475),"POLYGON ((681616.0824522178 1194926.9523088327, 681583.6878821971 1194951.4214060341, 681589.0188105603 1194958.5408603845, 681554.7497643199 1194983.8294066556, 681545.2591015917 1194973.4241833538, 681508.765381837 1194975.4271152052, 681497.9195097655 1194914.5405613123, 681574.3629594515 1194880.344297078, 681580.7794019311 1194878.8969216538, 681587.4318032865 1194878.3025718646, 681594.2496777263 1194879.4568529925, 681600.3260732932 1194882.2220959316, 681604.4886925834 1194886.9901443745, 681616.0824522178 1194926.9523088327))"
way,198265283,Tổng công ty PETEC,POINT (106.6921529544272 10.782618034772046),"POLYGON ((685022.3142246781 1192478.7304927125, 685040.1224664852 1192462.4243575127, 685010.8867316229 1192430.9137829852, 684993.078553416 1192447.2088724114, 685022.3142246781 1192478.7304927125))"
way,198265286,CQĐD VPCP Phía Nam,POINT (106.70410997008211 10.785649659715252),"POLYGON ((686347.2204737745 1192872.999909292, 686398.0865342551 1192826.2594048432, 686310.5448306481 1192732.222152043, 686302.1133024063 1192739.9074241465, 686294.6487680008 1192746.7795062717, 686279.210203293 1192730.2335943882, 686252.2763536675 1192755.0280790706, 686244.2402921539 1192762.4058329442, 686347.2204737745 1192872.999909292))"
way,208935405,Công viên Phần mềm Quang Trung,POINT (106.6284497188598 10.8548860330127),"POLYGON ((677514.6313726471 1200516.1956473212, 677621.479808299 1200673.6504574143, 678358.499846362 1200706.3456511986, 678373.1069625983 1200627.0248905516, 678387.0381401337 1200531.041947409, 678382.4829086064 1200399.8175654467, 678374.0311781447 1200291.7239234378, 678356.4912321484 1200190.0746274095, 678211.667104 1200110.5628165787, 678195.6024651293 1200104.8575207104, 678161.8742761163 1200102.0773763035, 678121.577548637 1200082.4155107127, 678074.1265920652 1200059.2642254815, 678072.4580815602 1200058.4367453083, 678048.6079651219 1200046.6502987454, 678044.7411234631 1200035.7119595641, 678043.0284427105 1200030.8800046074, 677993.935677837 1200008.01872371, 677988.2783836541 1200008.8180556078, 677968.9618435125 1200012.0994866304, 677950.1019899407 1200015.8590133172, 677935.6941527763 1200019.2884022323, 677922.0154027168 1200023.3743216584, 677910.3688912396 1200027.7476528923, 677900.0210967112 1200032.581453147, 677889.0732293243 1200039.215059502, 677879.169463597 1200046.8940273838, 677871.2320951119 1200054.9042956415, 677864.3093972286 1200063.3292645784, 677858.799013149 1200071.4188831265, 677852.5329984673 1200081.7720538992, 677825.5237048088 1200133.2181171626, 677833.8007026463 1200153.7038939854, 677836.0942830497 1200166.4589231894, 677835.8414248023 1200170.804711879, 677830.5544362908 1200186.1960683838, 677822.8979510905 1200196.8957707859, 677816.1459234944 1200204.082777017, 677805.8210043219 1200210.7860999783, 677790.7728255964 1200219.4773514755, 677784.1279397506 1200214.8070878442, 677705.4886780696 1200327.445536457, 677688.3194050066 1200350.4500268656, 677598.5449551833 1200421.017866434, 677525.6546139874 1200462.6398364997, 677514.6313726471 1200516.1956473212))"
way,220428998,Cty giao nhận kho vận Ngoại Thương,POINT (106.71348580636615 10.759750905799793),"POLYGON ((687331.6794723542 1189969.503890468, 687320.3509210147 1189949.3301908982, 687394.58093613 1189905.464148576, 687404.4079731223 1189932.0453649864, 687331.6794723542 1189969.503890468))"
way,220550020,Cty XNK Dịch vụ Cảng Sài Gòn,POINT (106.71977914065297 10.757603928396124),"POLYGON ((688078.0097643781 1189662.398207616, 688102.3390278533 1189718.4966746708, 688026.5305521454 1189745.1181015256, 688005.0748703412 1189693.4716211914, 688078.0097643781 1189662.398207616))"
way,221054401,Trung tâm Dịch Vụ Khác Hàng Phú Mỹ Hưng,POINT (106.7154768392465 10.728194430171934),"POLYGON ((687567.9343786668 1186467.3809770509, 687633.595162841 1186468.6762467425, 687634.3440883817 1186430.4949428304, 687568.694106505 1186429.2108058035, 687567.9343786668 1186467.3809770509))"
way,225638467,Sở Khoa học và Công nghệ TP.HCM,POINT (106.6871709693287 10.780369417823811),"POLYGON ((684438.5247203584 1192204.8729966152, 684479.0945488785 1192174.3891781713, 684507.7820424356 1192200.321043159, 684496.952794767 1192208.5244720115, 684493.73483361 1192210.9513796594, 684488.0768902707 1192215.544001143, 684482.5837322775 1192220.004790708, 684468.3392181731 1192232.7025888546, 684438.5247203584 1192204.8729966152))"
way,225638550,Sở Xây dựng TP.HCM,POINT (106.68456062280951 10.782268653165875),"POLYGON ((684162.6356156004 1192399.6221355526, 684175.0485197506 1192435.5303317676, 684210.3244346057 1192422.903914035, 684198.1895245726 1192388.15870799, 684162.6356156004 1192399.6221355526))"
way,225656679,Ban Quản lý khu Nam thành phố,POINT (106.72748463139204 10.730296303811908),"POLYGON ((688808.0352390588 1186713.5523321615, 688946.390847032 1186801.773543079, 688971.2341639377 1186766.6366427832, 688988.0901776882 1186673.3908826562, 688996.9755200543 1186624.2263303446, 688888.9311327538 1186584.8475715336, 688808.0352390588 1186713.5523321615))"
way,230397084,CoopMart Phú Lâm,POINT (106.63371815359409 10.754501849561274),"POLYGON ((678623.4096605062 1189361.2051832662, 678676.549590653 1189304.9421668956, 678684.2304771713 1189296.2445507578, 678686.6176773118 1189287.5076936584, 678683.9374892465 1189283.4781390107, 678681.9627032629 1189280.4921109786, 678676.7016169665 1189276.382450188, 678604.9246062194 1189293.4110874995, 678623.4096605062 1189361.2051832662))"
way,290247574,Lotte Department Store,POINT (106.70218485018057 10.741197348832461),"POLYGON ((686240.6116297656 1187964.1108705017, 686204.1579013539 1187763.8455801639, 686050.9778325809 1187794.4791098207, 686040.1444355156 1187803.1247535523, 686040.429765804 1187812.8385645032, 686054.7968899261 1187896.9654092097, 686072.8054361827 1187991.1565257332, 686240.6116297656 1187964.1108705017))"
way,302293123,Cục Quản lý Xuất Nhập Cảnh,POINT (106.68589209785634 10.761956607198872),"POLYGON ((684342.0530148791 1190201.7203463179, 684378.9629012209 1190178.7932208239, 684349.6497233948 1190129.0093363328, 684308.283570405 1190154.7548668454, 684342.0530148791 1190201.7203463179))"
way,306649188,FTown,POINT (106.79840797877326 10.850673763993754),"POLYGON ((696531.5218430825 1200161.3784423135, 696712.6229545439 1199990.8155662995, 696662.4938325747 1199937.4748062836, 696474.6872085317 1200101.0179566909, 696531.5218430825 1200161.3784423135))"
way,315265971,Truyền hình An Viên,POINT (106.7028801118667 10.788236035730437),"POLYGON ((686173.7656556172 1193084.1003956182, 686189.4698732537 1193070.5706958256, 686198.9356615476 1193081.4086384752, 686183.2423188069 1193094.9494560466, 686173.7656556172 1193084.1003956182))"
way,316635656,Toà Nhà Citi Plaza,POINT (106.68700044991864 10.76460215001312),"POLYGON ((684451.7286565504 1190499.6175856732, 684498.1874713344 1190484.5527171134, 684476.3817556528 1190418.1952708245, 684429.9228684673 1190433.2601815641, 684451.7286565504 1190499.6175856732))"
way,376923094,Bảo tàng Lực lượng Vũ trang miền Đông Nam Bộ,POINT (106.66582915030254 10.799487091590283),"POLYGON ((682129.6025155443 1194198.0781055973, 682144.552467476 1194244.2532851133, 682192.1469997633 1194358.7127468924, 682227.0724887021 1194349.633528937, 682237.3314812793 1194379.5890065054, 682115.7599306095 1194386.2159083216, 682114.5778760207 1194372.3382124088, 682098.5016483581 1194372.3059217234, 682098.4262258632 1194362.0624639867, 682086.424002354 1194362.9926144436, 682052.7085930535 1194228.2334802088, 682100.8511689736 1194222.0910627956, 682096.8549428926 1194202.8331610656, 682129.6025155443 1194198.0781055973))"
way,377269813,UBND Quận Gò Vấp,POINT (106.66933513654402 10.831953314701277),"POLYGON ((682497.8373068026 1197984.36139026, 682401.3738413443 1197861.3143623616, 682436.6106866912 1197832.6916817564, 682474.1432245988 1197802.2121820517, 682581.1823825833 1197930.9920108048, 682511.999611544 1197992.1157543163, 682503.968080398 1197991.054086432, 682497.8373068026 1197984.36139026))"
way,418907485,The Garden Mall,POINT (106.65633147324893 10.75453015179675),"POLYGON ((681246.1354402337 1189370.4868355321, 681252.6462946531 1189333.510120775, 680981.2507799342 1189283.5077569608, 680974.3215733916 1189316.986784125, 681246.1354402337 1189370.4868355321))"
way,420032392,Trung Đoàn Cảnh sát Cơ động 240,POINT (106.6554735120986 10.735682204892655),"POLYGON ((681100.1422032116 1187289.592205302, 680978.2642346098 1187285.584359853, 680979.5155694836 1187189.2564898643, 681072.9716704019 1187187.857014654, 681075.2718619726 1187250.256288619, 681102.1230356974 1187248.7969759062, 681100.1422032116 1187289.592205302))"
way,420287617,Viện Y tế Công cộng TP.HCM,POINT (106.67758797478422 10.748815718770679),"POLYGON ((683611.4786481012 1188827.4619917374, 683617.8200077495 1188805.9707008556, 683602.9026258949 1188797.5375938283, 683615.045920083 1188773.1909348096, 683607.4470549861 1188768.603050675, 683610.133321775 1188751.4279395498, 683610.5151024783 1188741.6183467465, 683605.7369662779 1188731.2717073606, 683548.1435206571 1188695.9025338911, 683301.5086483632 1188565.488400836, 683256.2678955517 1188647.683839096, 683328.6940026766 1188705.0796911865, 683379.8487392126 1188739.7606590658, 683483.164570441 1188799.0512251377, 683512.5642748756 1188813.4703312088, 683555.7766271351 1188830.3100355368, 683596.6357606404 1188839.4159070798, 683604.2798928212 1188825.7191371666, 683611.4786481012 1188827.4619917374))"
way,421603560,Trung tâm Hành chính Quận Tân Phú,POINT (106.63716009925753 10.783712446790425),"POLYGON ((679105.6114790982 1192519.832943814, 679087.1458984048 1192506.3276809729, 679067.1006098832 1192491.6746520314, 679030.5614319188 1192464.9760079684, 679013.4054900516 1192476.5208883178, 678977.952111789 1192500.3788671233, 678974.1214471457 1192502.9467608905, 678952.0592097006 1192517.7838641773, 678924.0260421359 1192536.6154227518, 678920.5026710711 1192538.9858582797, 678925.6379723869 1192578.7902144634, 678927.4128505694 1192592.5269386335, 678928.4472505744 1192599.5232929634, 678932.6064211737 1192627.5641340395, 678940.3760139294 1192624.6743918892, 678977.8540497017 1192610.7603899622, 679063.4638340813 1192554.0859527963, 679092.7797870995 1192534.675107938, 679105.4896009371 1192526.2589883115, 679105.6114790982 1192519.832943814))"
way,428537185,UBND QUẬN BÌNH TÂN,POINT (106.61593851825427 10.737136779919483),"POLYGON ((676579.9083863421 1187391.7041365926, 676731.1609706208 1187423.39303851, 676779.2818347133 1187429.021816806, 676817.115957542 1187433.468311892, 676825.462880628 1187429.1208795353, 676828.0568096514 1187408.0295793863, 676793.7490103414 1187406.9421284655, 676795.5059463825 1187361.9651046277, 676812.8950947259 1187362.498998917, 676807.1380967087 1187331.9506265966, 676584.0158539121 1187348.9849297965, 676584.3894730788 1187361.1542982052, 676564.4263192496 1187363.3723245268, 676579.9083863421 1187391.7041365926))"
way,457452212,Co-op Mart Hòa Bình,POINT (106.62923324306304 10.770435133581648),"POLYGON ((678131.3225783311 1191148.088241553, 678159.2000612394 1191138.0599594987, 678148.259948509 1191099.5192538328, 678173.5192079952 1191094.410436629, 678160.4863047525 1191007.1995820352, 678114.089240202 1191015.6914770177, 678122.591496886 1191095.1905563504, 678123.3650805748 1191099.862570496, 678130.0297885976 1191140.272034713, 678131.3225783311 1191148.088241553))"
way,465303939,Công An Quận 1,POINT (106.69694774616417 10.766846746564864),"POLYGON ((685530.6294354076 1190780.0230523462, 685544.8065545305 1190757.944808132, 685509.772086102 1190736.3906686108, 685504.0754100805 1190732.1003698339, 685512.6508022427 1190718.2210661652, 685484.2797308292 1190700.1882886929, 685491.983417254 1190687.686877074, 685506.9704905064 1190661.5534318148, 685515.1884948921 1190649.0106217114, 685515.5367164493 1190649.3333394872, 685556.6342041442 1190676.1974853217, 685557.0420095747 1190675.635592534, 685575.1751316944 1190650.2385952352, 685604.5711435048 1190668.8523357138, 685587.7820773902 1190694.4779947046, 685590.1331622155 1190696.548497259, 685608.4121943366 1190708.021181715, 685571.6339881332 1190780.172575286, 685568.8175328409 1190785.112654455, 685565.7231363095 1190788.8897102058, 685562.7681319416 1190791.1963233615, 685559.3261517333 1190792.55999145, 685555.4304361148 1190792.9034663113, 685551.0384598734 1190792.0052775545, 685530.6294354076 1190780.0230523462))"
way,489086379,Chợ đầu mối Bình Điền,POINT (106.61029689847182 10.702909694005255),"POLYGON ((675976.6586562373 1183196.377714914, 675802.2895835021 1183820.2282618212, 675811.0195905901 1183834.8524542372, 675889.5223703554 1183859.7513369771, 675905.8556103937 1183878.496809184, 675957.3592635782 1183905.5889696428, 676245.6733727425 1183984.0476178413, 676420.8948541583 1183328.4568684546, 675976.6586562373 1183196.377714914))"
way,493174181,Đoàn bay 919,POINT (106.66774892442562 10.814059596331298),"POLYGON ((682222.5330979198 1195945.2802527244, 682397.2801079935 1196012.6820132278, 682398.2309148733 1195838.6988065613, 682258.5293597705 1195853.97504852, 682262.3565006146 1195904.1161660266, 682231.192080098 1195917.6402876414, 682222.5330979198 1195945.2802527244))"
way,502267311,Comeco,POINT (106.67009246759893 10.784219010349364),"POLYGON ((682594.3166132728 1192634.5860747038, 682586.2001967963 1192616.7657754277, 682614.735148377 1192602.6408961534, 682617.8883031645 1192616.0647836986, 682611.6785520107 1192625.6434518092, 682594.3166132728 1192634.5860747038))"
way,544325867,Saigon Innovation Hub,POINT (106.68770065000206 10.780082750068532),"POLYGON ((684530.5899157485 1192209.539465284, 684569.2661742704 1192173.3817076723, 684531.8273276894 1192133.8509537256, 684493.1510777907 1192170.0087545267, 684530.5899157485 1192209.539465284))"
way,605281194,UBND phường Tân Phú,POINT (106.80110210746068 10.859321899958514),"POLYGON ((696947.308715872 1201022.1622297724, 696949.2662929997 1201027.6608056556, 696916.9882283447 1201032.8680017453, 696859.7719462779 1201039.1775454658, 696835.28872466 1200987.4594150917, 696851.1170644322 1200964.3884115573, 696856.7168805602 1200966.047759768, 696947.308715872 1201022.1622297724))"
way,682415579,Công Ty Liên Thành,POINT (106.69592435586618 10.759178236646727),"POLYGON ((685397.5435742965 1189883.0416532625, 685421.518020937 1189857.5993831272, 685431.884745311 1189865.9640512222, 685472.7916053782 1189816.7109555823, 685490.6143655045 1189831.6764782409, 685425.4312365463 1189907.5426822377, 685397.5435742965 1189883.0416532625))"
way,683697196,Công an Quận 4,POINT (106.70552344107791 10.766829540070738),"POLYGON ((686536.9730041192 1190699.8563618844, 686532.9475564965 1190697.9534568535, 686531.1327094473 1190701.7375612191, 686511.5182342852 1190692.4581958032, 686513.2223511997 1190688.9168345195, 686500.0987759485 1190682.7045240134, 686496.498776937 1190681.0031032711, 686472.8950248593 1190669.2126666456, 686443.3170435171 1190734.5230127533, 686460.3678582275 1190742.5934054076, 686503.7245702811 1190762.3476104313, 686520.4469362152 1190727.2198342276, 686523.250651714 1190728.5296649202, 686536.9730041192 1190699.8563618844))"
way,725219783,Viện Sinh học Nhiệt đới,POINT (106.79675105348707 10.865536525751166),"POLYGON ((696198.8008483971 1201612.8370309712, 696377.6197593795 1201726.9627684979, 696351.9607540822 1201801.9912719978, 696380.0849593973 1201805.6532900003, 696425.2063152706 1201814.0731408373, 696467.3449079557 1201829.4779272182, 696497.1525445282 1201848.006851687, 696508.5408968797 1201739.916866457, 696514.5063489735 1201633.5537215685, 696459.6469028955 1201600.2521057383, 696451.7947612335 1201609.664037739, 696400.3492992022 1201618.4863066187, 696400.9514564155 1201583.2228656714, 696296.875318411 1201594.1900033355, 696198.8008483971 1201612.8370309712))"
way,754264534,UBND huyện Cần Giờ,POINT (106.9547494986934 10.411177638428185),"POLYGON ((714093.1773429712 1151557.2903638238, 714078.4719285432 1151608.278021963, 714026.2850907268 1151592.4787500517, 714020.5899678117 1151610.2552257592, 713904.1911123584 1151575.0979333583, 713935.2308666673 1151446.868796484, 714077.7373223114 1151489.4888378293, 714062.986943541 1151547.7668154552, 714093.1773429712 1151557.2903638238))"
way,754264569,Hội Chữ thập đỏ huyện Cần Giờ,POINT (106.96942320856267 10.411841671557305),"POLYGON ((715611.8433943044 1151659.0614860856, 715617.5469506367 1151647.115479713, 715621.0716219071 1151640.3667025636, 715614.7288476308 1151637.096825477, 715633.9151572068 1151600.3423974947, 715598.806163595 1151582.2239359117, 715568.7493701922 1151621.7319495867, 715611.8433943044 1151659.0614860856))"
way,754264570,Cty Cp May da 30-4 Chi nhánh Phú Thạnh,POINT (106.96976944116966 10.411957228414622),"POLYGON ((715645.4944831496 1151661.5164737196, 715668.2055029254 1151618.0132843065, 715633.9151572068 1151600.3423974947, 715614.7288476308 1151637.096825477, 715621.0716219071 1151640.3667025636, 715617.5469506367 1151647.115479713, 715645.4944831496 1151661.5164737196))"
way,754264580,EVN HCMC PC Duyen Hai,POINT (106.9699310512535 10.41133161811338),"POLYGON ((715679.1459431483 1151607.5380551324, 715690.7942604714 1151583.6143632608, 715706.0701835334 1151552.245557071, 715643.4356933091 1151515.236989762, 715609.3372617881 1151567.1217226957, 715612.3820665263 1151572.3846044966, 715679.1459431483 1151607.5380551324))"
way,754576805,Trung tâm Văn hoá Huyện Cần Giờ,POINT (106.95826413589569 10.407367993310098),"POLYGON ((714502.7123427293 1151123.3569564456, 714472.4538398165 1151176.1955759441, 714452.3924413754 1151209.4269617277, 714402.0771424319 1151222.1042115982, 714386.030689867 1151179.8324333676, 714314.7353778427 1151142.1868237336, 714305.8327953381 1151110.0266658193, 714298.7240376602 1151095.9768596978, 714264.7659216865 1151075.7761562697, 714288.0670828497 1151037.5309637194, 714287.8200134882 1151029.652494903, 714302.5178374229 1151004.7958889308, 714405.2582495514 1151063.500694114, 714408.0175759445 1151068.9165460556, 714431.7190342179 1151084.6841012968, 714437.2997834202 1151083.6897072212, 714502.7123427293 1151123.3569564456))"
way,801887649,Khuôn viên UBND TP. Hồ Chí Minh,POINT (106.70089932020434 10.77669302502573),"POLYGON ((686021.6214826582 1191895.3498200343, 686055.0841367017 1191864.861337519, 686055.9919112801 1191858.959381641, 686055.7075492418 1191856.9888024463, 686018.4439666697 1191813.6629523921, 686004.1102192239 1191796.9795995853, 685999.2960071424 1191791.3887842216, 686000.9553015381 1191789.9931508657, 685982.5672588132 1191768.740901154, 685980.7112818103 1191770.1022580129, 685932.9352718848 1191713.2338514014, 685931.8054920129 1191711.84485688, 685930.6283413012 1191711.108244943, 685928.945015678 1191710.9219128648, 685927.3682978343 1191711.2339530373, 685925.4174481763 1191711.9532027985, 685922.204801512 1191717.3335233643, 685902.0160565168 1191760.3845636959, 685939.3210086431 1191804.175074287, 685964.7458244859 1191834.5480980256, 685969.5626136891 1191839.6743277542, 685971.4737018087 1191838.2358443767, 686021.6214826582 1191895.3498200343))"
way,801887656,Sở Tài nguyên Môi trường,POINT (106.70050652738152 10.776967844897877),"POLYGON ((685926.654796438 1191865.387069053, 685907.0345629317 1191843.4643134077, 685910.991353625 1191839.9796894207, 685909.1435412938 1191837.900878663, 685907.9587735214 1191836.566888047, 685905.7196838163 1191834.0434342574, 685908.3575242455 1191831.7240385187, 685928.9104621578 1191813.696792029, 685927.9331292303 1191812.430322952, 685937.2695198006 1191805.2919882836, 685939.3210086431 1191804.175074287, 685964.7458244859 1191834.5480980256, 685962.824229412 1191835.9090909031, 685948.7144521588 1191845.8637967573, 685945.1238603666 1191848.399135976, 685946.112067059 1191849.6767280109, 685926.654796438 1191865.387069053))"
way,801887657,Sở Giao thông Vận Tải,POINT (106.70025952125727 10.776671180988942),"POLYGON ((685906.7167502763 1191837.6661728725, 685904.0019828536 1191840.0515123983, 685890.5347512836 1191824.8884893646, 685889.4171392431 1191823.2783276641, 685882.2763876149 1191815.1525322995, 685880.9695816735 1191812.1585978316, 685881.0607509607 1191809.5263988008, 685882.4071518113 1191805.3857012033, 685902.0160565168 1191760.3845636959, 685939.3210086431 1191804.175074287, 685937.2695198006 1191805.2919882836, 685927.9331292303 1191812.430322952, 685928.9104621578 1191813.696792029, 685908.3575242455 1191831.7240385187, 685905.7196838163 1191834.0434342574, 685907.9587735214 1191836.566888047, 685906.7167502763 1191837.6661728725))"
way,801902444,Viện Hàn lâm Khoa học và Công nghệ Việt Nam tại TP.HCM,POINT (106.7014046391786 10.78238704494462),"POLYGON ((686054.8638508685 1192461.555577966, 686037.2949010759 1192477.9953242866, 686033.6344983637 1192481.2935213605, 686000.2935458577 1192444.7038779305, 686012.1242050139 1192433.4976427015, 686010.6326267347 1192428.3345575226, 686001.1308114631 1192414.0894782178, 686035.2194160405 1192383.0625016394, 686054.8638508685 1192461.555577966))"
way,801950688,Sở Quy hoạch & Kiến trúc,POINT (106.69937719523674 10.777715108695531),"POLYGON ((685834.1553130391 1191922.9701974294, 685820.6313222453 1191908.1829871112, 685818.6307242521 1191909.9860196928, 685801.7474394038 1191891.5297932066, 685785.7534786357 1191905.976248732, 685802.7998353704 1191924.6103602974, 685799.4801118784 1191927.6118097077, 685812.841089945 1191942.2100566926, 685829.9891415746 1191926.7412724125, 685834.1553130391 1191922.9701974294))"
way,802069399,Liên đoàn Lao động Quận 1,POINT (106.69728387197105 10.777707494477472),"POLYGON ((685598.8090932345 1191912.550244497, 685584.5037364013 1191896.6415778564, 685564.005745852 1191914.6693030784, 685563.2572173175 1191917.5080305412, 685577.9699985009 1191932.921166064, 685591.4820327214 1191920.27500433, 685593.4822480215 1191918.538328742, 685592.7975703843 1191917.7491488112, 685598.8090932345 1191912.550244497))"
way,802069406,Bộ Khoa học & Công nghệ - Cục Công tác Phía Nam,POINT (106.69772555544174 10.778085580296885),"POLYGON ((685624.1618573752 1191981.605597373, 685604.0259648222 1191959.9567243203, 685624.5723645086 1191941.0885976057, 685634.378421714 1191932.0722957582, 685648.9367010522 1191947.727971426, 685653.0574090821 1191952.1534005082, 685647.6926965313 1191957.079336572, 685644.3727468546 1191960.1250445084, 685645.8295936935 1191961.703892193, 685633.1103452744 1191973.392053053, 685625.3491190055 1191980.5170625579, 685624.1618573752 1191981.605597373))"
way,802069407,Cục Thống Kê TP.HCM,POINT (106.69791897265243 10.778275964646637),"POLYGON ((685625.3491190055 1191980.5170625579, 685633.1103452744 1191973.392053053, 685645.8295936935 1191961.703892193, 685644.3727468546 1191960.1250445084, 685647.6926965313 1191957.079336572, 685653.0574090821 1191952.1534005082, 685669.025518119 1191969.9739496259, 685675.6566532628 1191977.300424031, 685646.9262498749 1192000.636355726, 685643.1477044038 1191999.5977261558, 685640.9963738776 1191998.9995264425, 685624.1618573752 1191981.605597373, 685625.3491190055 1191980.5170625579))"
way,802157425,Bảo tàng Mỹ thuật Thành phố Hồ Chí Minh,POINT (106.69924879007299 10.769666520052937),"POLYGON ((685809.4611651249 1190952.2062913373, 685860.5519860812 1190997.3782462098, 685861.9909015755 1191002.1980991804, 685860.7600094476 1191013.1203114905, 685806.306178082 1191099.1002550363, 685799.9962385654 1191098.9104084098, 685728.224014899 1191035.7038482816, 685768.6781309191 1190993.0304831297, 685776.0184749548 1190998.7347955247, 685809.4611651249 1190952.2062913373))"
way,802157430,Công ty CP Vận tải Đường sắt Sài Gòn,POINT (106.6995344055081 10.771451754158639),"POLYGON ((685878.1996671655 1191237.0189738797, 685877.8853077223 1191228.6213379523, 685877.3807331173 1191215.0789186421, 685877.067231306 1191206.5264227171, 685846.3151432385 1191207.7164653193, 685841.3152979205 1191207.9652824507, 685836.260950696 1191208.1806127408, 685795.1917594225 1191209.9108265485, 685789.0205722565 1191214.290261738, 685777.4456824926 1191242.4446833848, 685795.56187365 1191241.792920491, 685796.4256473627 1191239.8729603183, 685802.5737711937 1191239.6526275477, 685878.1996671655 1191237.0189738797))"
way,802157433,Đội tuần tra kiểm soát giao thông số 5,POINT (106.70008103241942 10.771423027463975),"POLYGON ((685878.1996671655 1191237.0189738797, 685877.8853077223 1191228.6213379523, 685877.3807331173 1191215.0789186421, 685877.067231306 1191206.5264227171, 685883.7842839961 1191206.2760740647, 685897.4043845597 1191205.7653507201, 685898.9905894585 1191205.718840892, 685900.5768557366 1191205.661269695, 685902.9507252092 1191205.5859441452, 685903.4382781527 1191220.2233874644, 685903.7305731304 1191228.6540875433, 685903.8719268264 1191232.7477314023, 685903.984457421 1191236.1221994841, 685884.9167138299 1191236.7686263896, 685878.1996671655 1191237.0189738797))"
way,804925981,IDECAF,POINT (106.70346183624162 10.77990487399136),"POLYGON ((686288.9342125804 1192160.095586069, 686299.3931952352 1192151.7025530317, 686300.5873088301 1192149.3862166738, 686300.596232616 1192147.7823038648, 686300.4557317994 1192145.5138510948, 686298.1998645322 1192142.0832008494, 686291.0276987883 1192133.7358792215, 686281.0844531374 1192122.1652193544, 686276.8153380796 1192116.9092348472, 686235.255607353 1192151.9541690387, 686206.485905077 1192176.395624085, 686227.6326020679 1192199.1014381386, 686232.4391583519 1192204.0838611566, 686236.1062255522 1192203.529043586, 686288.9342125804 1192160.095586069))"
way,808241908,Sovigaz,POINT (106.70462912304939 10.76638208618848),"POLYGON ((686418.7623769745 1190641.9650737492, 686414.8131719943 1190640.117918081, 686396.8826249928 1190632.8833655582, 686389.2479145732 1190634.8762941307, 686385.0815709038 1190644.5432735968, 686364.3547758341 1190691.7172676206, 686388.8814614147 1190702.7605528142, 686418.7623769745 1190641.9650737492))"
way,919652945,The Water MAN,POINT (106.70938012491455 10.789287818880998),"POLYGON ((686903.6400917765 1193206.442988184, 686889.7232669733 1193207.3386828108, 686889.472902262 1193199.295320449, 686904.0737940322 1193199.2883948516, 686903.6400917765 1193206.442988184))"
way,1023160155,UBND phường Hiệp Phú,POINT (106.78220225255899 10.845733320862687),"POLYGON ((694786.4095561735 1199498.4567253438, 694837.3657957576 1199532.495128653, 694854.5618955172 1199503.5019169042, 694855.9589005915 1199496.4965853784, 694854.2403689296 1199485.579072638, 694847.0543983821 1199476.4880154785, 694818.614922634 1199449.7608718511, 694786.4095561735 1199498.4567253438))"
way,1115082339,Công Ty Cổ phần Tư Vấn Xây Dựng Điện 2,POINT (106.76544849520204 10.847345679256431),"POLYGON ((692995.4084691628 1199631.763363011, 692965.7167236782 1199643.5383424002, 692988.9122126614 1199690.3333253202, 693016.790754652 1199674.4327058368, 692995.4084691628 1199631.763363011))"
way,1116582921,The Nexus,POINT (106.70690427736852 10.779624949526042),"POLYGON ((686674.1729194825 1192059.0231341673, 686689.5457541349 1192120.745351298, 686637.4137725035 1192143.186799817, 686671.2222407534 1192207.6997985786, 686646.4460793016 1192220.050482731, 686597.0625424298 1192163.4484162647, 686558.6010945953 1192119.3629124456, 686674.1729194825 1192059.0231341673))"
way,1158434996,Saigon South Place,POINT (106.70349373093305 10.729999656861255),"POLYGON ((686113.2355688579 1186680.7379160784, 686139.4762988773 1186544.679587351, 686372.2199435942 1186551.9745236635, 686371.5629362629 1186577.7669467404, 686372.2266271219 1186592.23942673, 686376.0409194129 1186602.7360582363, 686385.9537588231 1186606.319678974, 686396.8205045284 1186611.4793602284, 686406.0153347005 1186616.3200525015, 686414.2567753498 1186621.465195039, 686420.5323650994 1186626.0352965316, 686425.8750339121 1186631.1643807935, 686431.6510215066 1186637.0591301548, 686453.1561102007 1186664.8991274757, 686460.1866255384 1186677.338349321, 686465.3380649111 1186689.3357490755, 686469.5063889995 1186703.0533391612, 686485.4975082057 1186752.7098295288, 686113.2355688579 1186680.7379160784))"
way,1159237474,The Metropole Thủ Thiêm,POINT (106.71332357714724 10.778092225397613),"POLYGON ((687347.9211908106 1191781.9581703146, 687258.4895203398 1191814.5219700485, 687165.4851501792 1191848.3934384831, 687162.12980743 1191851.8702342988, 687162.4514838934 1191856.9383608366, 687179.4577405164 1191896.3361674708, 687203.1845097868 1191948.5369372687, 687223.1332329287 1191983.9468391992, 687236.4433849001 1192005.5808146615, 687250.8265115567 1192028.9685718254, 687283.5896457441 1192076.8394692377, 687322.1664454534 1192127.5415886324, 687357.6388616161 1192166.168968019, 687362.3777157993 1192167.589279281, 687368.1901464155 1192166.747916019, 687372.2395748012 1192164.3259031097, 687425.1729690023 1192118.0184942768, 687446.1990570237 1192099.6296783574, 687506.1670447902 1192047.167094125, 687508.3033485652 1192042.6326259617, 687507.2807689297 1192037.737552271, 687504.6713272117 1192033.0105835395, 687484.8667458377 1192009.0281810828, 687446.393424931 1191953.5255883741, 687421.982567167 1191918.0905483267, 687416.0154588607 1191909.4288994952, 687397.5839177944 1191872.6446143957, 687384.3702339781 1191845.5022992217, 687365.103741873 1191801.5452855972, 687358.8512836192 1191787.1851972605, 687356.7628808845 1191783.1580591495, 687352.3749470904 1191781.5627308174, 687347.9211908106 1191781.9581703146))"
way,1173264964,Trung tâm Pháp y TP.HCM,POINT (106.5764938338536 10.710893083949511),"POLYGON ((672435.8042653039 1184397.522621293, 672456.8990892123 1184495.034190496, 672382.2853552287 1184511.8524324489, 672358.981814628 1184411.9736416363, 672435.8042653039 1184397.522621293))"
way,1175244453,CMC Creative Space,POINT (106.74584533256498 10.76875012125526),"POLYGON ((690900.1792571873 1191036.4771165734, 690817.3076147507 1190931.8892609768, 690895.0836617515 1190871.0483587508, 690977.966150315 1190975.6475414392, 690900.1792571873 1191036.4771165734))"
way,1196987523,Viện Sốt rét - Ký sinh trùng - Côn trùng TP.HCM,POINT (106.68350318906108 10.75546447365745),"POLYGON ((684041.7793261479 1189473.5957867012, 684093.5942003943 1189489.2888798984, 684101.8260081841 1189486.1261488616, 684128.9167142691 1189414.8605748818, 684079.6627505156 1189400.8849866649, 684041.7793261479 1189473.5957867012))"
way,1214094911,Thiso Mall Trường Chinh – Phan Huy Ích,POINT (106.6374618496962 10.841930380905271),"POLYGON ((679028.2053377688 1198970.5052473573, 679091.974543349 1198934.2458142187, 679052.8480068608 1198865.5426602769, 678901.247226321 1198926.9926843212, 678905.5419068618 1198941.7275232815, 678963.0338095238 1199074.4092338218, 678972.0963559278 1199068.7281148995, 679015.7599833359 1199119.2483997082, 679032.6610330937 1199107.768994533, 679079.7144739188 1199062.7253455142, 679057.4758306795 1199039.9186109148, 679046.2839250786 1199016.5961151528, 679038.4549823622 1199000.2825686026, 679028.2053377688 1198970.5052473573))"
way,1215518807,Chợ Bình Khánh,POINT (106.7383146001928 10.786610510704264),"POLYGON ((690011.0710803986 1192937.5303679663, 690083.23822934 1192975.4515367723, 690108.6032145269 1192921.2700637402, 690109.5885330683 1192915.324295611, 690108.4558687257 1192910.6275649783, 690105.0162120706 1192905.7960461415, 690099.675486667 1192902.5355966976, 690048.2320652037 1192876.5573964254, 690044.9687248336 1192877.2689565104, 690040.7511802352 1192880.3755551411, 690011.0710803986 1192937.5303679663))"
way,1215596738,Chợ Thạnh Mỹ Lợi,POINT (106.7675740003272 10.76953822100275),"POLYGON ((693226.7710211275 1191062.9400329948, 693226.613176162 1191067.5520500885, 693228.2674407578 1191070.8913019572, 693255.9746247043 1191099.137917969, 693259.8399158358 1191100.3106724985, 693264.228907678 1191099.8160585768, 693319.1166424383 1191048.4722259482, 693320.58083044 1191044.9407734114, 693320.4615458671 1191040.9687626888, 693292.7226567924 1191010.631158836, 693289.4406879449 1191008.8312217891, 693285.8457023301 1191008.2020709643, 693282.7650723016 1191009.4232702933, 693226.7710211275 1191062.9400329948))"
way,1223367806,Liên đoàn Quy hoạch và Điều tra tài nguyên nước miền Nam,POINT (106.73395416146023 10.797003856946656),"POLYGON ((689541.64715614 1194039.3194852367, 689553.9792583231 1194088.360864159, 689564.0569118127 1194122.2234720462, 689618.1407940995 1194102.707108348, 689594.2573114311 1194021.2659546426, 689541.64715614 1194039.3194852367))"
way,1229208507,Viện Kiểm nghiệm Thuốc TP.HCM,POINT (106.69360775458802 10.76438772708001),"POLYGON ((685192.3281220325 1190395.6706837222, 685188.1495247623 1190395.736102192, 685158.4238135708 1190432.794712347, 685155.7677498941 1190442.3705740327, 685146.4816517382 1190454.2438556538, 685181.779494657 1190483.6528181226, 685193.5672766278 1190470.355335188, 685213.8981772518 1190447.0277936119, 685228.7768191341 1190428.6147424546, 685208.2475165611 1190410.625579745, 685192.3281220325 1190395.6706837222))"
way,1229662224,Công ty Cổ phần Dược phẩm Trung ương 25,POINT (106.71378814740714 10.757789244463899),"POLYGON ((687450.0321961335 1189773.1865260673, 687429.7585725024 1189780.00905292, 687410.2362666761 1189787.444189118, 687408.5360277441 1189784.3926828862, 687391.8275195729 1189793.3037096919, 687387.4596937979 1189786.1001738228, 687373.2746625254 1189793.6315090365, 687345.0529808678 1189742.9433901315, 687326.1237132652 1189712.7273557363, 687467.8260835647 1189630.6986226111, 687476.5919096381 1189645.581542189, 687464.012494012 1189653.5089865692, 687469.3486627343 1189663.5940238514, 687405.3038387499 1189703.1142621336, 687412.3065733344 1189712.489576538, 687442.4775298061 1189760.7992919902, 687450.0321961335 1189773.1865260673))"
way,1302177947,Trung tâm Khai thác vận chuyển - Bưu điện TP.HCM,POINT (106.65744941264111 10.776274265321547),"POLYGON ((681128.4773575944 1191769.5621640314, 681254.0045416403 1191801.5785590701, 681273.0638810088 1191806.3717998494, 681288.5732462336 1191810.3162215715, 681297.6449806542 1191775.0679277368, 681314.4524395034 1191712.9708850875, 681315.0036121842 1191704.0914459985, 681277.0352900114 1191674.783023791, 681244.8550540325 1191671.3125522838, 681160.2222247329 1191661.397125736, 681143.1989083642 1191718.96886665, 681128.8136564563 1191768.048551875, 681128.4773575944 1191769.5621640314))"
way,1308072083,Co.opmart Huỳnh Tấn Phát,POINT (106.73637574028498 10.712273145058662),"POLYGON ((689841.2155713498 1184745.3275425625, 689842.4590347698 1184664.416391912, 689961.1418050961 1184667.120546887, 689956.7213881646 1184725.4695671767, 689841.2155713498 1184745.3275425625))"
way,1313432484,Chợ đầu mối Nông sản Thực phẩm Hóc Môn,POINT (106.60057741179423 10.859397902181717),"POLYGON ((675111.1605434039 1200779.6826605434, 675157.3699617108 1200976.2199416852, 674970.1187300493 1201019.633520784, 674930.9696412197 1201033.2650804664, 674721.0817669376 1200886.229415806, 674756.4145305344 1200835.2567783177, 674771.9831900271 1200816.7556958941, 674781.8525773536 1200805.0162722461, 674787.8117097912 1200800.8222017023, 674795.5668507824 1200798.1640339454, 675106.4122738712 1200776.0959075736, 675111.1605434039 1200779.6826605434))"
way,1316591859,Truyền tải Điện Thành phố Hồ Chí Minh,POINT (106.60298319301319 10.736748104227946),"POLYGON ((675202.4443140737 1187329.9549956005, 675264.2467674471 1187367.4870142955, 675329.614555209 1187407.1946981696, 675332.1298081753 1187403.104104024, 675379.1803573195 1187326.6288969172, 675260.4929373874 1187254.5545938576, 675256.3450838875 1187261.2803135342, 675247.8619583958 1187256.1258198533, 675202.4443140737 1187329.9549956005))"
way,1335959747,RENEWZONE VN,POINT (106.67102610982263 10.834851015934065),"POLYGON ((682669.0815335889 1198223.7781667416, 682679.6970717512 1198224.2235403634, 682679.3295944867 1198215.4606890723, 682669.3347272517 1198215.494371057, 682669.0815335889 1198223.7781667416))"
way,1359348191,Trobz,POINT (106.73422877200748 10.798223071639564),"POLYGON ((689603.7772570032 1194217.084147272, 689618.1052658573 1194213.0835463693, 689613.1355687054 1194196.5066019553, 689599.4010078593 1194200.001720166, 689603.7772570032 1194217.084147272))"
